    -> +--------------------+
    -> | information_schema |
    -> | mysql              |
    -> | performance_schema |
    -> | sys                |
    -> | udacity            |
    -> +--------------------+
    -> 5 rows in set (0.00 sec)
    ->
    -> MySQL [(none)]> use udacity;
ERROR 1064 (42000): You have an error in your SQL syntax; check the manual that corresponds to your MySQL server version for the right syntax to use near '+--------------------+
| Database           |
+--------------------+
| informati' at line 1
MySQL [udacity]> Reading table information for completion of table and column names
    -> You can turn off this feature to get a quicker startup with -A
    ->
    -> Database changed
    -> MySQL [udacity]> SHOW TABLES;
ERROR 1064 (42000): You have an error in your SQL syntax; check the manual that corresponds to your MySQL server version for the right syntax to use near 'Reading table information for completion of table and column names
You can turn ' at line 1
MySQL [udacity]> +-------------------+
    -> | Tables_in_udacity |
    -> +-------------------+
    -> | person            |
    -> +-------------------+
    -> 1 row in set (0.00 sec)
    ->
    -> MySQL [udacity]> describe person;
ERROR 1064 (42000): You have an error in your SQL syntax; check the manual that corresponds to your MySQL server version for the right syntax to use near '+-------------------+
| Tables_in_udacity |
+-------------------+
| person      ' at line 1
MySQL [udacity]> +--------------+--------------+------+-----+---------+-------+
    -> | Field        | Type         | Null | Key | Default | Extra |
    -> +--------------+--------------+------+-----+---------+-------+
    -> | fullname     | varchar(255) | YES  |     | NULL    |       |
    -> | birthday     | date         | YES  |     | NULL    |       |
    -> | phone_number | varchar(255) | YES  |     | NULL    |       |
    -> +--------------+--------------+------+-----+---------+-------+
    -> 3 rows in set (0.00 sec)
    ->
    -> MySQL [udacity]> inser person values ('Hoang The Quynh', '2000-10-26', '0395080606');
ERROR 1064 (42000): You have an error in your SQL syntax; check the manual that corresponds to your MySQL server version for the right syntax to use near '+--------------+--------------+------+-----+---------+-------+
| Field        | ' at line 1
MySQL [udacity]> ERROR 1064 (42000): You have an error in your SQL syntax; check the manual that corresponds to your MySQL server version for the right syntax to use near 'inser person values ('Hoang The Quynh', '2000-10-26', '0395080606')' at line 1
ERROR 1064 (42000): You have an error in your SQL syntax; check the manual that corresponds to your MySQL server version for the right syntax to use near 'ERROR 1064 (42000): You have an error in your SQL syntax' at line 1
    -> MySQL [udacity]> select * from person;
ERROR 1064 (42000): You have an error in your SQL syntax; check the manual that corresponds to your MySQL server version for the right syntax to use near 'the manual that corresponds to your MySQL server version for the right syntax to' at line 1
MySQL [udacity]> +----------------+------------+--------------+
    -> | fullname       | birthday   | phone_number |
    -> +----------------+------------+--------------+
    -> | Dinh Dang Khoa | 1999-10-02 | 0398122553   |
    -> +----------------+------------+--------------+
    -> 1 row in set (0.00 sec)
    ->
    -> MySQL [udacity]>
    -> MySQL [udacity]>quit
    -> Ctrl-C -- exit!
Aborted
[root@ip-10-1-10-125 ec2-user]# clear
[root@ip-10-1-10-125 ec2-user]# mysql -h dbreadreplica.cibhvgxcw1s8.us-west-2.rds.amazonaws.com -P 3306 -u admin -p
Enter password:
Welcome to the MariaDB monitor.  Commands end with ; or \g.
Your MySQL connection id is 16
Server version: 8.0.33 Source distribution

Copyright (c) 2000, 2018, Oracle, MariaDB Corporation Ab and others.

Type 'help;' or '\h' for help. Type '\c' to clear the current input statement.

MySQL [(none)]> SHOW DATABASES;
+--------------------+
| Database           |
+--------------------+
| information_schema |
| mysql              |
| performance_schema |
| sys                |
| udacity            |
+--------------------+
5 rows in set (0.00 sec)

MySQL [(none)]> use udacity;
Reading table information for completion of table and column names
You can turn off this feature to get a quicker startup with -A

Database changed
MySQL [udacity]> show tables;
+-------------------+
| Tables_in_udacity |
+-------------------+
| person            |
+-------------------+
1 row in set (0.00 sec)

MySQL [udacity]> describe person;
+--------------+--------------+------+-----+---------+-------+
| Field        | Type         | Null | Key | Default | Extra |
+--------------+--------------+------+-----+---------+-------+
| fullname     | varchar(255) | YES  |     | NULL    |       |
| birthday     | date         | YES  |     | NULL    |       |
| phone_number | varchar(255) | YES  |     | NULL    |       |
+--------------+--------------+------+-----+---------+-------+
3 rows in set (0.00 sec)

MySQL [udacity]> select * from person;
+----------------+------------+--------------+
| fullname       | birthday   | phone_number |
+----------------+------------+--------------+
| Dinh Dang Khoa | 1999-10-02 | 0398122553   |
+----------------+------------+--------------+
1 row in set (0.00 sec)

MySQL [udacity]> insert person values ('Hoang The Quynh', '2000-10-26', '0399548060');
ERROR 1290 (HY000): The MySQL server is running with the --read-only option so it cannot execute this statement
MySQL [udacity]> select * from person;
+----------------+------------+--------------+
| fullname       | birthday   | phone_number |
+----------------+------------+--------------+
| Dinh Dang Khoa | 1999-10-02 | 0398122553   |
+----------------+------------+--------------+
1 row in set (0.00 sec)

MySQL [udacity]>
